CATEGORY,TIME,INDICATOR,SOURCE,DESCRIPTION,UNIT,MAP,GRAPH,FILE,OPTIONS,TYPE,AFG,ALB,DZA,AND,AGO,AIA,ATG,ARG,ARM,ABW,AUS,AUT,AZE,BHS,BHR,BGD,BRB,BLR,BEL,BLZ,BEN,BMU,BTN,BOL,BIH,BWA,BRA,VGB,BRN,BGR,BFA,BDI,KHM,CMR,CAN,CPV,CYM,CAF,TCD,CHL,CHN,COL,COM,COG,COK,CRI,CIV,HRV,CUB,CYP,CZE,PRK,COD,DNK,DJI,DMA,DOM,ECU,EGY,SLV,GNQ,ERI,EST,ETH,FJI,FIN,FRA,GAB,GMB,GEO,DEU,GHA,GIB,GRC,GRD,GTM,GIN,GNB,GUY,HTI,VAT,HND,HKG,HUN,ISL,IND,IDN,IRN,IRQ,IRL,ISR,ITA,JAM,JPN,JOR,KAZ,KEN,KIR,KWT,KGZ,LAO,LVA,LBN,LSO,LBR,LBY,LIE,LTU,LUX,MAC,MDG,MWI,MYS,MDV,MLI,MLT,MHL,MRT,MUS,MEX,FSM,MCO,MNG,MNE,MSR,MAR,MOZ,MMR,NAM,NRU,NPL,NLD,ANT,NZL,NIC,NER,NGA,NIU,NOR,OMN,PAK,PLW,PSE,PAN,PNG,PRY,PER,PHL,POL,PRT,QAT,KOR,MDA,ROU,RUS,RWA,KNA,LCA,VCT,WSM,SMR,STP,SAU,SEN,SRB,SYC,SLE,SGP,SVK,SVN,SLB,SOM,ZAF,ESP,LKA,SDN,SUR,SWZ,SWE,CHE,SYR,TJK,THA,MKD,TLS,TGO,TKL,TON,TTO,TUN,TUR,TKM,TCA,TUV,UGA,UKR,ARE,GBR,TZA,USA,URY,UZB,VUT,VEN,VNM,YEM,ZMB,ZWE,GUF,ESH,TWN,GRL,EAZ,SJM,PRI,IMN,JEY,GGY,VIR,KOS,SSD
New category,2010,,,,,,,,,,,,,,,,,,,,,,,,,,,,,,,,,,,,,,,,,,,,,,,,,,,,,,,,,,,,,,,,,,,,,,,,,,,,,,,,,,,,,,,,,,,,,,,,,,,,,,,,,,,,,,,,,,,,,,,,,,,,,,,,,,,,,,,,,,,,,,,,,,,,,,,,,,,,,,,,,,,,,,,,,,,,,,,,,,,,,,,,,,,,,,,,,,,,,,,,,,,,,,,,,,,,,,,,,,,,,,,,,,,,,,
,,Number of Immigrants,,,,0=[0x377EB8] 1=[0xE41A1C] 2=[0x4DAF4A] 3=[0x984EA3] 4=[0xFF7F00],,,,,2230,5088,808,,135,26,341,3140,3168,27,1202,277,1233,475,102,6979,535,1523,523,556,127,65,50,1185,4012,24,8867,36,15,3123,112,145,3756,1519,8539,675,17,27,39,1249,33969,18417,,313,,1114,549,589,14050,118,367,,744,123,17,543,15451,5931,5860,10343,,991,185,8903,1140,286,2203,43,444,1107,4001,4211,,800,446,5375,418,17,4932,12291,,3056,2198,916,51,61142,2765,9337,3489,1178,3205,2064,12070,1622,2436,763,3043,,919,380,2743,342,3266,,3360,173,,843,,94,55,80,1211,,200,46,,281,79,67062,84,,157,167,57,3710,41,2399,38,,2185,691,56,495,4047,89,9126,,91,30,11601,71,,1215,16,212,8551,35465,8038,1266,115,11170,1235,4385,7566,278,,554,,154,,,739,633,27,12,1878,336,485,64,,5728,2550,1115,1421,2885,161,,774,484,2029,178,4112,682,,1253,,208,4740,407,3213,138,20,,637,7345,404,8401,466,45,585,1472,,5243,19313,1186,317,,,,5621,,,,,,,,,590,
,,Occupation,,,,0=[0x377EB8][Military] 1=[0xE41A1C][Operators/Laborer] 2=[0x4DAF4A][Management/Professional] 3=[0x984EA3][Service] 4=[0xFF7F00][Construction/Repair] 5=[0xFFFF33][Production/Transportation] 6=[0xA65628][Students] 7=[0xF781BF][Sales] 8=[0xCCCC00][Farming] 9=[0xFF0A85][Homemakers] 10=[0x00CCCC][Retirees],,,,,6,3,2,,2,10,2,2,2,7,2,2,2,2,2,2,2,2,2,2,2,2,2,2,5,6,2,5,6,2,5,5,5,2,2,5,6,2,5,2,2,2,,2,,2,2,2,2,2,2,,2,2,5,2,5,5,2,5,,2,2,5,2,2,2,6,3,2,2,2,,2,2,5,2,6,3,3,,5,2,2,2,2,2,2,2,2,2,2,2,2,2,2,2,,2,2,5,2,2,,2,2,,2,,6,2,2,2,,2,2,,5,2,5,6,,2,3,4,2,2,2,2,,2,2,2,2,2,5,2,,2,2,2,0,,2,6,2,2,2,2,5,2,2,6,2,2,2,,2,,2,,,6,2,2,6,2,2,2,2,,5,2,2,2,5,2,,2,2,2,2,3,2,,5,,2,2,2,2,2,3,,2,2,6,2,2,2,2,2,,2,3,5,2,,,,2,,,,,,,,,3,
,,Male Immigrants,,,,0=[0x377EB8] 1=[0xE41A1C] 2=[0x4DAF4A] 3=[0x984EA3] 4=[0xFF7F00],,,,,1111,2520,474,,83,14,150,1512,1379,9,606,142,489,193,54,3629,230,595,259,199,84,35,32,523,1902,9,3411,13,11,1420,86,89,1471,773,4227,302,8,17,27,581,14696,7724,,172,,504,327,264,6819,70,121,,388,73,8,242,6952,2664,3570,5103,,477,72,4443,517,104,1065,28,294,410,1571,2409,,459,183,2727,277,8,2181,6036,,1315,1023,355,24,31482,1153,4361,1799,674,1795,1175,5092,560,1375,255,1522,,514,121,1178,111,1724,,1535,91,,289,,50,21,35,552,,151,18,,232,38,34549,66,,33,79,28,2320,19,1304,18,,1365,384,27,272,1788,66,4697,,47,15,6059,44,,433,8,86,3451,13186,3384,663,62,4972,543,1888,2535,126,,229,,79,,,389,392,9,5,937,152,158,28,,2991,1287,540,791,1812,72,,320,233,1038,81,1332,356,,748,,116,1974,308,1866,52,7,,279,2930,215,4638,244,25,279,616,,2277,7124,805,147,,,,2242,,,,,,,,,319,
,,Female Immigrants,,,,0=[0x377EB8] 1=[0xE41A1C] 2=[0x4DAF4A] 3=[0x984EA3] 4=[0xFF7F00],,,,,1118,2568,334,,52,12,191,1628,1789,18,596,135,744,282,48,3350,305,928,264,357,43,30,18,662,2110,15,5452,23,4,1703,26,56,2282,746,4309,372,9,10,12,668,19271,10691,,141,,609,222,325,7224,48,246,,356,50,9,301,8495,3266,2289,5236,,514,113,4460,623,182,1134,15,150,697,2428,1802,,341,263,2648,141,9,2750,6252,,1741,1174,560,27,29659,1612,4974,1688,503,1409,888,6977,1061,1059,508,1521,,405,259,1561,231,1541,,1825,82,,554,,44,34,45,659,,49,28,,49,41,32502,18,,124,88,29,1390,22,1095,20,,820,306,29,223,2259,23,4428,,44,15,5541,27,,781,8,126,5100,22276,4652,603,53,6192,692,2497,5031,152,,325,,75,,,350,241,18,7,941,184,327,36,,2736,1263,574,630,1073,89,,454,250,991,97,2779,326,,505,,92,2766,99,1347,86,13,,358,4413,189,3762,222,20,306,856,,2966,12183,381,170,,,,3379,,,,,,,,,271,
,2009,,,,,,,,,,,,,,,,,,,,,,,,,,,,,,,,,,,,,,,,,,,,,,,,,,,,,,,,,,,,,,,,,,,,,,,,,,,,,,,,,,,,,,,,,,,,,,,,,,,,,,,,,,,,,,,,,,,,,,,,,,,,,,,,,,,,,,,,,,,,,,,,,,,,,,,,,,,,,,,,,,,,,,,,,,,,,,,,,,,,,,,,,,,,,,,,,,,,,,,,,,,,,,,,,,,,,,,,,,,,,,,,,,,,,,
,,-,,,,0=[0x377EB8] 1=[0xE41A1C] 2=[0x4DAF4A] 3=[0x984EA3] 4=[0xFF7F00],,,,,2588,3483,1024,,95,29,456,3153,2021,,1392,303,1005,569,91,6644,878,1583,673,854,119,80,17,1700,4544,,7960,43,14,3211,90,90,4673,1098,9753,903,,,27,1585,37130,16593,,308,,1517,589,718,24891,160,266,28,349,156,19,672,20778,7609,5224,18927,,760,209,8698,998,385,2464,35,419,864,4564,4819,,1067,683,8619,304,17,6840,13290,,4858,3329,1142,75,52889,1794,12069,4197,1296,3410,2552,15098,2192,2891,917,2546,,1152,338,3081,404,3787,,2767,249,,786,,158,49,58,1178,,149,72,29,175,89,111630,125,,137,140,59,4556,47,1447,27,,1632,889,40,562,7445,67,9298,,128,32,12528,54,,1694,18,310,10349,38934,10604,2143,106,17576,1239,4388,9490,161,,583,,185,,,768,640,15,,1868,403,488,64,,3818,2436,1420,1367,2855,198,,940,529,2484,156,4962,741,,1132,,269,5726,479,3219,91,,,489,9123,383,10060,567,51,634,1513,,4735,31168,1243,289,,,,7606,,,,,,,,,397,
,,-,,,,0=[0x377EB8][Military] 1=[0xE41A1C][Operators/Laborer] 2=[0x4DAF4A][Management/Professional] 3=[0x984EA3][Service] 4=[0xFF7F00][Construction/Repair] 5=[0xFFFF33][Production/Transportation] 6=[0xA65628][Students] 7=[0xF781BF][Sales] 8=[0xCCCC00][Farming] 9=[0xFF0A85][Homemakers] 10=[0x00CCCC][Retirees],,,,,6,6,2,,2,6,2,2,2,,2,2,2,2,2,2,2,2,2,2,3,2,6,2,5,,2,6,6,2,5,2,5,2,2,5,,,6,2,2,2,,2,,2,2,2,2,2,2,2,2,2,6,2,5,2,2,5,,2,2,2,2,2,2,5,2,2,2,2,,2,2,5,2,6,2,3,,2,6,2,2,2,2,2,2,2,2,2,2,2,2,2,2,,2,6,5,2,2,,2,2,,2,,2,6,2,2,,6,6,6,5,2,5,0,,2,3,2,2,6,2,6,,2,2,6,2,2,5,2,,2,6,2,6,,2,6,2,2,2,2,5,2,2,6,2,2,2,,2,,2,,,6,2,6,,2,2,2,2,,5,2,2,2,5,2,,2,2,2,2,2,2,,5,,2,2,2,2,2,,,2,2,2,2,2,2,2,6,,2,6,2,2,,,,2,,,,,,,,,3,
,,-,,,,0=[0x377EB8] 1=[0xE41A1C] 2=[0x4DAF4A] 3=[0x984EA3] 4=[0xFF7F00],,,,,1259,1657,665,,55,12,214,1522,874,,679,141,441,229,48,3532,362,642,310,346,70,32,10,749,2228,,2814,14,5,1503,68,52,1915,578,4640,403,,,16,715,15779,6365,,161,,635,380,364,12649,99,88,13,180,79,8,299,9543,3491,3302,9526,,348,67,4635,463,115,1192,21,300,314,1735,2696,,645,271,4388,211,9,3039,6442,,2075,1531,459,25,27242,654,6000,2298,708,2047,1424,6558,754,1812,345,1293,,693,105,1433,157,2076,,1254,154,,298,,76,17,29,499,,122,36,21,156,41,57494,96,,31,76,28,2927,26,709,13,,1018,483,17,292,3474,50,4962,,75,22,7209,29,,599,10,108,4306,14284,4693,1098,61,7514,545,1848,3401,80,,242,,79,,,431,448,10,,902,158,193,24,,2092,1245,627,715,1896,85,,390,248,1336,71,1558,376,,708,,160,2414,395,1814,37,,,242,3731,201,5422,290,33,326,646,,2023,12424,923,147,,,,3062,,,,,,,,,216,
,,-,,,,0=[0x377EB8] 1=[0xE41A1C] 2=[0x4DAF4A] 3=[0x984EA3] 4=[0xFF7F00],,,,,1329,1826,359,,39,16,241,1631,1147,,713,162,564,340,43,3111,516,941,363,508,49,48,7,951,2316,,5145,29,8,1708,22,38,2753,520,5108,496,,,11,870,21343,10220,,147,,881,209,354,12234,61,178,15,169,77,11,373,11203,4115,1921,9393,,412,142,4062,535,270,1271,14,119,550,2823,2123,,419,412,4226,93,8,3801,6845,,2780,1798,683,50,25644,1140,6067,1896,586,1363,1126,8536,1437,1076,572,1249,,459,233,1641,247,1710,,1512,95,,488,,82,32,29,678,,27,36,8,19,48,54088,29,,106,64,31,1629,21,738,14,,614,405,23,270,3971,17,4334,,53,10,5318,25,,1094,8,201,6040,24644,5908,1042,45,10054,694,2539,6089,81,,341,,106,,,337,191,5,,964,244,295,40,,1726,1191,791,652,959,113,,550,281,1148,85,3402,365,,424,,109,3310,84,1405,54,,,247,5391,182,4629,277,18,308,867,,2712,18735,317,142,,,,4544,,,,,,,,,181,
,2008,,,,,,,,,,,,,,,,,,,,,,,,,,,,,,,,,,,,,,,,,,,,,,,,,,,,,,,,,,,,,,,,,,,,,,,,,,,,,,,,,,,,,,,,,,,,,,,,,,,,,,,,,,,,,,,,,,,,,,,,,,,,,,,,,,,,,,,,,,,,,,,,,,,,,,,,,,,,,,,,,,,,,,,,,,,,,,,,,,,,,,,,,,,,,,,,,,,,,,,,,,,,,,,,,,,,,,,,,,,,,,,,,,,,,,
,,-,,,,0=[0x377EB8] 1=[0xE41A1C] 2=[0x4DAF4A] 3=[0x984EA3] 4=[0xFF7F00],,,,,2650,2972,894,,161,47,661,4170,2195,55,1636,357,834,838,85,5345,1203,1767,716,1291,79,75,,2807,8176,,8808,67,25,3213,,76,5869,967,12387,1265,24,,,2851,40017,22926,,306,,2376,479,1251,39871,160,192,,211,210,25,975,35251,11908,4165,35796,,694,221,7160,1508,549,2765,,330,627,4708,4557,,1314,850,17087,225,14,8290,21229,,8794,4940,1089,83,65971,1823,11813,5057,2179,2933,2991,21324,2712,2632,908,2218,,1031,361,5553,455,3399,,2468,198,,969,,181,43,64,1705,,124,71,,122,,231815,62,,129,32,87,3383,73,1383,38,,953,1219,43,649,17954,73,8597,,153,33,11813,62,,2870,,386,15016,58792,14237,3988,85,,1328,4515,10778,101,,779,,204,,,615,566,,26,2018,433,,80,,3816,2980,1958,1377,2893,202,,1207,658,2105,168,6930,756,,673,,421,7305,390,2771,99,,,541,10992,328,12095,464,67,924,1377,,6557,39584,1080,290,,,,8711,,,,,,,,,89,
,,-,,,,0=[0x377EB8][Military] 1=[0xE41A1C][Operators/Laborer] 2=[0x4DAF4A][Management/Professional] 3=[0x984EA3][Service] 4=[0xFF7F00][Construction/Repair] 5=[0xFFFF33][Production/Transportation] 6=[0xA65628][Students] 7=[0xF781BF][Sales] 8=[0xCCCC00][Farming] 9=[0xFF0A85][Homemakers] 10=[0x00CCCC][Retirees],,,,,6,6,2,,6,2,2,2,2,6,2,2,2,2,6,2,2,6,2,2,6,6,,2,5,,2,6,6,2,,6,5,2,2,5,6,,,2,2,2,,3,,2,2,5,2,6,2,,2,10,6,2,6,6,2,5,,3,7,6,2,2,2,,2,2,2,6,,2,2,5,2,6,2,6,,6,6,2,9,2,2,2,6,2,2,2,2,2,2,2,2,,2,6,5,6,2,,6,2,,2,,2,6,6,2,,6,7,,2,,5,6,,3,9,6,2,6,2,6,,2,2,6,2,2,7,2,,2,6,2,0,,2,,2,2,2,2,5,6,,6,2,2,6,,2,,9,,,2,2,,6,6,2,,6,,5,2,2,2,6,2,,2,2,2,2,6,5,,3,,2,2,2,2,4,,,2,6,6,2,2,6,2,6,,2,6,2,2,,,,2,,,,,,,,,6,
,,-,,,,0=[0x377EB8] 1=[0xE41A1C] 2=[0x4DAF4A] 3=[0x984EA3] 4=[0xFF7F00],,,,,1080,1429,567,,80,20,253,1883,912,29,748,159,348,279,49,2847,441,730,322,413,54,30,,1142,3860,,3027,25,11,1503,,42,2404,434,5521,502,7,,,1166,17308,7884,,142,,881,281,612,17868,102,72,,123,96,9,402,14137,5013,2460,15240,,250,74,3367,697,148,1244,,224,243,1666,2396,,726,316,7622,134,9,3487,9571,,3140,2321,379,31,32955,647,5802,2641,1150,1680,1595,8298,875,1513,323,1080,,573,128,2486,172,1764,,1069,111,,356,,79,21,26,720,,94,33,,106,,104315,46,,23,19,40,2096,40,682,19,,558,608,17,345,7139,50,4339,,74,16,6502,34,,776,,142,5895,21530,5826,1936,41,,556,1972,3890,51,,306,,106,,,375,366,,10,913,157,,22,,1865,1440,847,706,2003,92,,420,323,1107,68,2278,366,,417,,206,2777,285,1518,30,,,258,4507,182,6027,232,35,419,619,,2545,15306,736,149,,,,3383,,,,,,,,,52,
,,-,,,,0=[0x377EB8] 1=[0xE41A1C] 2=[0x4DAF4A] 3=[0x984EA3] 4=[0xFF7F00],,,,,1569,1543,327,,81,27,407,2285,1282,26,888,197,486,559,36,2497,762,1036,394,877,25,45,,1664,4315,,5781,42,14,1710,,34,3461,533,6863,761,17,,,1684,22705,15036,,164,,1494,198,639,21979,58,120,,88,114,16,573,21094,6888,1705,20549,,443,147,3788,811,401,1521,,106,383,3036,2161,,587,533,9461,91,5,4799,11646,,5652,2618,710,52,33004,1175,6005,2415,1029,1253,1394,13015,1837,1117,585,1137,,458,233,3056,283,1633,,1399,87,,613,,102,22,38,984,,30,38,,16,,127456,16,,106,13,47,1287,32,701,19,,395,610,26,304,10814,23,4256,,79,17,5306,28,,2092,,244,9119,37246,8399,2048,44,,772,2543,6887,50,,472,,97,,,240,200,,16,1104,276,,58,,1951,1540,1109,671,890,110,,787,334,998,100,4647,390,,256,,215,4523,105,1253,69,,,283,6484,146,6062,231,32,505,757,,4012,24261,344,141,,,,5327,,,,,,,,,37,
,2007,,,,,,,,,,,,,,,,,,,,,,,,,,,,,,,,,,,,,,,,,,,,,,,,,,,,,,,,,,,,,,,,,,,,,,,,,,,,,,,,,,,,,,,,,,,,,,,,,,,,,,,,,,,,,,,,,,,,,,,,,,,,,,,,,,,,,,,,,,,,,,,,,,,,,,,,,,,,,,,,,,,,,,,,,,,,,,,,,,,,,,,,,,,,,,,,,,,,,,,,,,,,,,,,,,,,,,,,,,,,,,,,,,,,,,
,,-,,,,0=[0x377EB8] 1=[0xE41A1C] 2=[0x4DAF4A] 3=[0x984EA3] 4=[0xFF7F00],,,,,2013,2786,578,,105,,,,1495,,,292,606,,56,4746,,1401,248,,61,,,,8175,,,,20,2621,37,95,4197,611,,1223,,,,,33134,,,287,,,382,1073,,109,122,,164,170,,,,,3231,,,553,132,5165,,359,1979,,246,514,3617,3181,,1200,,,191,,,,,,3871,788,62,46871,1213,10557,2967,1335,2363,2217,,1934,2125,725,1396,,755,331,3787,327,2779,,1815,136,,819,,158,,46,1217,,93,66,,72,55,,,,53,,,2684,45,1058,22,,638,819,,,,52,6582,,105,,9147,,,,,,,38830,9320,2506,60,,1068,3986,7660,91,,,,,,,504,386,,,1485,315,,60,,3594,2069,1175,1024,2785,,,786,501,1799,109,4438,597,,473,,,,299,2009,58,,,344,8594,253,7752,356,,,1148,,,27921,734,212,312,,,7486,,,,,,,,,,
,,-,,,,0=[0x377EB8][Military] 1=[0xE41A1C][Operators/Laborer] 2=[0x4DAF4A][Management/Professional] 3=[0x984EA3][Service] 4=[0xFF7F00][Construction/Repair] 5=[0xFFFF33][Production/Transportation] 6=[0xA65628][Students] 7=[0xF781BF][Sales] 8=[0xCCCC00][Farming] 9=[0xFF0A85][Homemakers] 10=[0x00CCCC][Retirees],,,,,6,6,2,,6,,,,6,,,2,6,,6,2,,6,2,,6,,,,5,,,,6,2,6,6,5,2,,5,,,,,2,,,6,,,2,5,,3,2,,2,10,,,,,2,,,3,6,7,,2,2,,2,6,2,2,,2,,,2,,,,,,6,2,6,2,2,6,6,2,2,2,,2,2,6,2,,2,2,5,6,2,,2,2,,2,,2,,2,2,,5,6,,5,6,,,,3,,,2,6,6,6,,2,2,,,,5,2,,2,,2,,,,,,,2,6,5,2,,6,2,6,6,,,,,,,2,2,,,6,2,,5,,6,2,2,2,6,,,2,2,2,2,6,5,,3,,,,2,2,5,,,2,6,2,2,2,,,6,,,6,5,2,2,,,2,,,,,,,,,,
,,-,,,,0=[0x377EB8] 1=[0xE41A1C] 2=[0x4DAF4A] 3=[0x984EA3] 4=[0xFF7F00],,,,,799,1295,359,,52,,,,612,,,148,250,,29,2573,,569,109,,40,,,,3909,,,,11,1205,23,51,1714,313,,514,,,,,13757,,,141,,,230,519,,66,33,,81,83,,,,,1896,,,207,51,2421,,116,913,,181,197,1280,1663,,660,,,129,,,,,,1787,281,21,23443,441,4789,1358,717,1282,1206,,686,1136,272,679,,402,107,1728,117,1375,,749,70,,278,,79,,22,543,,75,32,,62,25,,,,7,,,1668,18,496,8,,392,420,,,,37,3307,,54,,4782,,,,,,,14328,3953,1273,32,,463,1771,2604,42,,,,,,,245,273,,,656,121,,30,,1618,1030,491,526,2043,,,300,253,837,54,1570,297,,285,,,,223,1087,17,,,167,3475,127,3807,173,,,498,,,10469,509,101,154,,,3060,,,,,,,,,,
,,-,,,,0=[0x377EB8] 1=[0xE41A1C] 2=[0x4DAF4A] 3=[0x984EA3] 4=[0xFF7F00],,,,,1214,1490,219,,53,,,,882,,,144,356,,27,2172,,832,139,,21,,,,4261,,,,9,1416,14,44,2477,298,,705,,,,,19371,,,146,,,152,554,,43,89,,83,86,,,,,1333,,,346,81,2742,,243,1064,,65,317,2333,1516,,540,,,62,,,,,,2083,507,41,23415,771,5766,1607,618,1077,1006,,1247,986,453,717,,352,224,2053,210,1401,,1066,65,,541,,77,,24,674,,18,33,,10,30,,,,46,,,1015,27,562,14,,246,398,,,,15,3274,,51,,4360,,,,,,,24485,5365,1226,28,,605,2213,5054,49,,,,,,,259,113,,,829,194,,30,,1976,1038,684,498,741,,,486,247,960,55,2866,300,,188,,,,76,921,41,,,177,5117,126,3935,183,,,650,,,17433,221,111,158,,,4425,,,,,,,,,,
,2006,,,,,,,,,,,,,,,,,,,,,,,,,,,,,,,,,,,,,,,,,,,,,,,,,,,,,,,,,,,,,,,,,,,,,,,,,,,,,,,,,,,,,,,,,,,,,,,,,,,,,,,,,,,,,,,,,,,,,,,,,,,,,,,,,,,,,,,,,,,,,,,,,,,,,,,,,,,,,,,,,,,,,,,,,,,,,,,,,,,,,,,,,,,,,,,,,,,,,,,,,,,,,,,,,,,,,,,,,,,,,,,,,,,,,,
,,-,,,,0=[0x377EB8] 1=[0xE41A1C] 2=[0x4DAF4A] 3=[0x984EA3] 4=[0xFF7F00],,,,,2018,3964,825,,106,35,520,2695,1605,44,1240,359,997,574,81,6683,1006,1769,355,918,64,72,,1630,9686,17,7028,54,,3488,51,71,4778,771,9607,1126,,,,1549,35387,15698,,369,,1402,491,1623,21481,140,122,,229,199,18,741,22165,8321,4271,13430,,653,156,5397,1163,532,2449,23,286,628,4556,4760,,1291,781,6551,194,,7434,15979,,4949,4263,955,70,47542,1287,11363,3614,1754,2905,2769,18953,2192,2634,872,1636,,903,246,4114,347,3393,,2193,142,,964,,163,36,67,1264,,118,86,,106,65,83979,41,,60,,96,3643,62,1486,,,575,1008,33,440,9283,46,8652,,145,23,10411,36,,1930,,285,10063,40500,10230,2638,59,,988,5484,9412,178,,623,,201,,,511,503,,,1683,347,,61,,4242,2225,1465,1023,2587,222,,984,539,2395,147,4583,837,,536,,235,6612,315,2742,75,30,,477,10184,277,9104,490,57,579,1821,,4476,29917,989,239,322,,,8819,,,,,,,,,,
,,-,,,,0=[0x377EB8][Military] 1=[0xE41A1C][Operators/Laborer] 2=[0x4DAF4A][Management/Professional] 3=[0x984EA3][Service] 4=[0xFF7F00][Construction/Repair] 5=[0xFFFF33][Production/Transportation] 6=[0xA65628][Students] 7=[0xF781BF][Sales] 8=[0xCCCC00][Farming] 9=[0xFF0A85][Homemakers] 10=[0x00CCCC][Retirees],,,,,6,6,2,,7,6,2,2,6,6,2,2,6,2,6,6,2,6,2,2,6,6,,2,5,2,2,6,,2,6,7,5,2,2,5,,,,2,2,2,,6,,2,2,2,2,2,2,,6,2,6,2,6,6,2,5,,3,2,6,7,2,2,6,2,2,2,6,,2,2,5,5,,2,6,,5,6,2,6,2,2,6,6,2,2,2,2,2,2,6,2,,2,6,5,2,2,,2,2,,2,,6,7,7,2,,6,3,,2,7,5,6,,6,,6,2,2,6,,,2,2,0,2,2,6,2,,2,6,2,6,,2,,2,2,2,6,5,6,,6,2,6,2,,6,,5,,,2,2,,,6,2,,6,,6,2,2,2,6,6,,2,2,2,2,6,6,,2,,9,2,2,2,4,6,,2,6,2,2,2,6,2,6,,2,6,2,2,2,,,2,,,,,,,,,,
,,-,,,,0=[0x377EB8] 1=[0xE41A1C] 2=[0x4DAF4A] 3=[0x984EA3] 4=[0xFF7F00],,,,,769,1898,492,,47,19,220,1230,702,16,576,151,412,198,43,3371,398,758,160,339,47,31,,749,4665,6,2509,23,,1631,34,35,1911,387,4239,449,,,,716,14579,5791,,194,,581,312,804,9882,87,39,,129,80,6,298,9465,3874,2434,6257,,250,57,2441,538,159,1157,16,180,228,1634,2515,,751,321,3122,128,,3089,7336,,1926,1944,360,26,23433,480,5062,1565,907,1564,1531,7358,773,1300,301,825,,460,79,1864,131,1619,,924,63,,358,,63,13,27,525,,80,50,,90,29,42111,30,,13,,31,2271,23,711,,,351,482,16,223,4052,29,4299,,68,16,5072,16,,590,,119,4264,14901,4326,1359,29,,419,2403,3193,80,,245,,97,,,260,338,,,729,139,,25,,2065,1068,662,506,1762,94,,381,279,1176,57,1617,390,,337,,118,2599,239,1466,30,11,,236,4158,131,4519,246,29,286,822,,1787,11935,723,125,153,,,3644,,,,,,,,,,
,,-,,,,0=[0x377EB8] 1=[0xE41A1C] 2=[0x4DAF4A] 3=[0x984EA3] 4=[0xFF7F00],,,,,1248,2064,333,,58,16,300,1461,901,28,661,205,585,376,38,3307,607,1010,195,576,17,41,,878,5015,11,4515,31,,1857,17,36,2861,384,5343,676,,,,830,20775,9894,,175,,818,179,818,11597,53,83,,100,119,12,443,12683,4441,1834,7140,,403,99,2951,625,371,1287,7,106,399,2910,2244,,537,458,3411,66,,4340,8632,,3013,2317,595,43,24071,804,6267,2047,842,1338,1229,11571,1414,1329,571,810,,442,167,2226,216,1766,,1267,79,,606,,100,23,40,738,,38,36,,16,36,41664,11,,47,,65,1368,39,775,,,223,519,17,215,5225,17,4349,,76,7,5333,20,,1333,,165,5792,25536,5889,1274,30,,569,3078,6217,98,,378,,103,,,250,165,,,950,207,,36,,2176,1155,802,517,825,128,,602,260,1214,90,2955,446,,199,,117,4003,76,1275,45,18,,240,6019,146,4562,243,27,292,998,,2689,17910,266,113,169,,,5162,,,,,,,,,,
,2005,,,,,,,,,,,,,,,,,,,,,,,,,,,,,,,,,,,,,,,,,,,,,,,,,,,,,,,,,,,,,,,,,,,,,,,,,,,,,,,,,,,,,,,,,,,,,,,,,,,,,,,,,,,,,,,,,,,,,,,,,,,,,,,,,,,,,,,,,,,,,,,,,,,,,,,,,,,,,,,,,,,,,,,,,,,,,,,,,,,,,,,,,,,,,,,,,,,,,,,,,,,,,,,,,,,,,,,,,,,,,,,,,,,,,,
,,-,,,,0=[0x377EB8] 1=[0xE41A1C] 2=[0x4DAF4A] 3=[0x984EA3] 4=[0xFF7F00],,,,,1464,3830,722,,86,,371,1976,1737,39,1155,307,904,343,57,5503,778,1549,247,704,56,58,,1361,8921,,4583,38,,2906,,56,4806,661,7815,933,,,,1183,31708,11396,,193,,1161,324,1348,,,,,122,,,,,,,,,,,,,,,,,,,,,,,,,,,,,,,,,,,,,,,,,,,,,,,,,,,,,,,,,,,,,,,,,,,,,,,,,,,1360,,,,,,,,,,,,,,,,,,,,,,,,,,,,,,,,,,,,,,,,,,,,,,,,,,,,,,,,,,,,,,,,,,,,,,,,,,,,,,,,,,,,,,,,,,,,,
,,-,,,,0=[0x377EB8][Military] 1=[0xE41A1C][Operators/Laborer] 2=[0x4DAF4A][Management/Professional] 3=[0x984EA3][Service] 4=[0xFF7F00][Construction/Repair] 5=[0xFFFF33][Production/Transportation] 6=[0xA65628][Students] 7=[0xF781BF][Sales] 8=[0xCCCC00][Farming] 9=[0xFF0A85][Homemakers] 10=[0x00CCCC][Retirees],,,,,7,1,2,,8,,1,2,2,8,2,2,2,2,8,7,2,2,2,2,8,8,,2,1,,2,8,,2,,3,1,2,2,1,,,,2,2,1,,2,,2,2,1,,,,,2,,,,,,,,,,,,,,,,,,,,,,,,,,,,,,,,,,,,,,,,,,,,,,,,,,,,,,,,,,,,,,,,,,,,,,,,,,,1,,,,,,,,,,,,,,,,,,,,,,,,,,,,,,,,,,,,,,,,,,,,,,,,,,,,,,,,,,,,,,,,,,,,,,,,,,,,,,,,,,,,,,,,,,,,,
,,-,,,,0=[0x377EB8] 1=[0xE41A1C] 2=[0x4DAF4A] 3=[0x984EA3] 4=[0xFF7F00],,,,,575,1838,452,,44,,161,970,758,20,543,143,365,123,33,3104,292,659,118,270,34,30,,596,4330,,1641,20,,1387,,37,1931,336,3562,398,,,,517,12543,4316,,105,,474,194,643,,,,,70,,,,,,,,,,,,,,,,,,,,,,,,,,,,,,,,,,,,,,,,,,,,,,,,,,,,,,,,,,,,,,,,,,,,,,,,,,,644,,,,,,,,,,,,,,,,,,,,,,,,,,,,,,,,,,,,,,,,,,,,,,,,,,,,,,,,,,,,,,,,,,,,,,,,,,,,,,,,,,,,,,,,,,,,,
,,-,,,,0=[0x377EB8] 1=[0xE41A1C] 2=[0x4DAF4A] 3=[0x984EA3] 4=[0xFF7F00],,,,,888,1986,270,,42,,209,1002,978,19,611,163,537,220,24,2396,482,890,128,433,22,27,,765,4574,,2937,17,,1514,,19,2863,325,4227,532,,,,663,19141,7054,,88,,680,130,705,,,,,52,,,,,,,,,,,,,,,,,,,,,,,,,,,,,,,,,,,,,,,,,,,,,,,,,,,,,,,,,,,,,,,,,,,,,,,,,,,716,,,,,,,,,,,,,,,,,,,,,,,,,,,,,,,,,,,,,,,,,,,,,,,,,,,,,,,,,,,,,,,,,,,,,,,,,,,,,,,,,,,,,,,,,,,,,
,2004,,,,,,,,,,,,,,,,,,,,,,,,,,,,,,,,,,,,,,,,,,,,,,,,,,,,,,,,,,,,,,,,,,,,,,,,,,,,,,,,,,,,,,,,,,,,,,,,,,,,,,,,,,,,,,,,,,,,,,,,,,,,,,,,,,,,,,,,,,,,,,,,,,,,,,,,,,,,,,,,,,,,,,,,,,,,,,,,,,,,,,,,,,,,,,,,,,,,,,,,,,,,,,,,,,,,,,,,,,,,,,,,,,,,,,
,,-,,,,0=[0x377EB8] 1=[0xE41A1C] 2=[0x4DAF4A] 3=[0x984EA3] 4=[0xFF7F00],,,,,1323,3324,616,,87,10,357,1965,1793,30,1295,277,793,378,54,5148,650,1464,232,664,42,47,0,1125,8013,0,4074,41,0,2487,19,59,3975,575,7682,635,0,0,27,1142,27309,9819,0,163,,970,317,1084,,,,,88,,,,,,,,,,,,,,,,,,,,,,,,,,,,,,,,,,,,,,,,,,,,,,,,,,,,,,,,,,,,,,,,,,,,,,,,,,,1177,,,,,,,,,,,,,,,,,,,,,,,,,,,,,,,,,,,,,,,,,,,,,,,,,,,,,,,,,,,,,,,,,,,,,,,,,,,,,,,,,,,,,,,,,,,,,
,,-,,,,0=[0x377EB8][Military] 1=[0xE41A1C][Operators/Laborer] 2=[0x4DAF4A][Management/Professional] 3=[0x984EA3][Service] 4=[0xFF7F00][Construction/Repair] 5=[0xFFFF33][Production/Transportation] 6=[0xA65628][Students] 7=[0xF781BF][Sales] 8=[0xCCCC00][Farming] 9=[0xFF0A85][Homemakers] 10=[0x00CCCC][Retirees],,,,,7,3,2,,2,8,3,2,7,2,2,2,2,2,8,7,3,2,2,3,8,8,8,3,1,8,2,0,8,2,8,1,1,2,2,1,8,8,8,2,2,1,8,2,,3,2,1,,,,,1,,,,,,,,,,,,,,,,,,,,,,,,,,,,,,,,,,,,,,,,,,,,,,,,,,,,,,,,,,,,,,,,,,,,,,,,,,,1,,,,,,,,,,,,,,,,,,,,,,,,,,,,,,,,,,,,,,,,,,,,,,,,,,,,,,,,,,,,,,,,,,,,,,,,,,,,,,,,,,,,,,,,,,,,,
,,-,,,,0=[0x377EB8] 1=[0xE41A1C] 2=[0x4DAF4A] 3=[0x984EA3] 4=[0xFF7F00],,,,,555,1609,385,,35,0,169,939,822,12,594,127,324,148,30,2841,263,633,104,259,29,23,0,501,3910,0,1566,13,0,1219,12,32,1620,283,3504,268,0,0,13,514,11416,3882,0,98,,395,221,545,,,,,48,,,,,,,,,,,,,,,,,,,,,,,,,,,,,,,,,,,,,,,,,,,,,,,,,,,,,,,,,,,,,,,,,,,,,,,,,,,578,,,,,,,,,,,,,,,,,,,,,,,,,,,,,,,,,,,,,,,,,,,,,,,,,,,,,,,,,,,,,,,,,,,,,,,,,,,,,,,,,,,,,,,,,,,,,
,,-,,,,0=[0x377EB8] 1=[0xE41A1C] 2=[0x4DAF4A] 3=[0x984EA3] 4=[0xFF7F00],,,,,766,1708,230,,51,10,185,1017,971,18,695,147,464,229,24,2288,380,828,124,405,13,23,0,623,4099,0,2491,25,0,1266,7,27,2334,291,4141,364,0,0,14,625,15820,5869,0,65,,569,96,539,,,,,40,,,,,,,,,,,,,,,,,,,,,,,,,,,,,,,,,,,,,,,,,,,,,,,,,,,,,,,,,,,,,,,,,,,,,,,,,,,597,,,,,,,,,,,,,,,,,,,,,,,,,,,,,,,,,,,,,,,,,,,,,,,,,,,,,,,,,,,,,,,,,,,,,,,,,,,,,,,,,,,,,,,,,,,,,
,2003,,,,,,,,,,,,,,,,,,,,,,,,,,,,,,,,,,,,,,,,,,,,,,,,,,,,,,,,,,,,,,,,,,,,,,,,,,,,,,,,,,,,,,,,,,,,,,,,,,,,,,,,,,,,,,,,,,,,,,,,,,,,,,,,,,,,,,,,,,,,,,,,,,,,,,,,,,,,,,,,,,,,,,,,,,,,,,,,,,,,,,,,,,,,,,,,,,,,,,,,,,,,,,,,,,,,,,,,,,,,,,,,,,,,,,
,,-,,,,0=[0x377EB8] 1=[0xE41A1C] 2=[0x4DAF4A] 3=[0x984EA3] 4=[0xFF7F00],,,,,1235,2284,493,,64,24,325,,1673,19,882,240,886,342,31,4345,663,1224,250,665,27,38,0,,4993,7,,22,5,1599,12,21,3135,534,6399,429,0,0,13,,23991,,0,123,0,868,264,615,,,,,101,,,,,,,,,,,,,,,,,,,,,,,,,,,,,,,,,,,,,,,,,,,,,,,,,,,,,,,,,,,,,,,,,,,,,,,,,,,905,,,,,,,,,,,,,,,,,,,,,,,,,,,,,,,,,,,,,,,,,,,,,,,,,,,,,,,,,,,,,,,,,,,,,,,,,,,,,,,,,,,,,,,,,,,,,
,,-,,,,0=[0x377EB8] 1=[0xE41A1C] 2=[0x4DAF4A] 3=[0x984EA3] 4=[0xFF7F00],,,,,7,3,2,,2,8,3,,2,8,2,2,2,2,8,7,3,2,2,3,0,2,8,,1,8,,8,8,2,8,8,1,2,2,1,8,8,8,,2,,8,2,8,3,3,2,,,,,2,,,,,,,,,,,,,,,,,,,,,,,,,,,,,,,,,,,,,,,,,,,,,,,,,,,,,,,,,,,,,,,,,,,,,,,,,,,1,,,,,,,,,,,,,,,,,,,,,,,,,,,,,,,,,,,,,,,,,,,,,,,,,,,,,,,,,,,,,,,,,,,,,,,,,,,,,,,,,,,,,,,,,,,,,
,,-,,,,0=[0x377EB8] 1=[0xE41A1C] 2=[0x4DAF4A] 3=[0x984EA3] 4=[0xFF7F00],,,,,512,1151,332,,34,12,141,,728,0,431,106,383,147,15,2423,266,578,108,258,18,16,0,,2574,7,,9,0,802,9,12,1316,282,2868,178,0,0,13,,10246,,0,67,0,358,172,279,,,,,57,,,,,,,,,,,,,,,,,,,,,,,,,,,,,,,,,,,,,,,,,,,,,,,,,,,,,,,,,,,,,,,,,,,,,,,,,,,444,,,,,,,,,,,,,,,,,,,,,,,,,,,,,,,,,,,,,,,,,,,,,,,,,,,,,,,,,,,,,,,,,,,,,,,,,,,,,,,,,,,,,,,,,,,,,
,,-,,,,0=[0x377EB8] 1=[0xE41A1C] 2=[0x4DAF4A] 3=[0x984EA3] 4=[0xFF7F00],,,,,723,1132,161,,30,12,184,,945,19,449,133,503,195,16,1921,397,646,141,407,9,22,0,,2417,0,,13,5,797,3,9,1818,252,3516,251,0,0,0,,13742,,0,56,0,510,92,336,,,,,44,,,,,,,,,,,,,,,,,,,,,,,,,,,,,,,,,,,,,,,,,,,,,,,,,,,,,,,,,,,,,,,,,,,,,,,,,,,461,,,,,,,,,,,,,,,,,,,,,,,,,,,,,,,,,,,,,,,,,,,,,,,,,,,,,,,,,,,,,,,,,,,,,,,,,,,,,,,,,,,,,,,,,,,,,
,,,,,,,,,,,,,,,,,,,,,,,,,,,,,,,,,,,,,,,,,,,,,,,,,,,,,,,,,,,,,,,,,,,,,,,,,,,,,,,,,,,,,,,,,,,,,,,,,,,,,,,,,,,,,,,,,,,,,,,,,,,,,,,,,,,,,,,,,,,,,,,,,,,,,,,,,,,,,,,,,,,,,,,,,,,,,,,,,,,,,,,,,,,,,,,,,,,,,,,,,,,,,,,,,,,,,,,,,,,,,,,,,,,,,,,
